{"cameraMode":{"drawMode":0,"name":"Shaded","section":"Shading Mode"},"sceneLighting":true,"audioPlay":false,"sceneViewState":{"showFog":true,"showMaterialUpdate":false,"showSkybox":true,"showFlares":true,"showImageEffects":true,"showParticleSystems":true},"in2DMode":false,"pivot":{"x":-3.236192226409912,"y":-4.475399971008301,"z":1.7665376663208008},"rotation":{"x":-0.23347167670726777,"y":-0.035874105989933017,"z":0.008620032109320164,"w":-0.9716673493385315},"size":9.572113990783692,"orthographic":false}