{"cameraMode":{"drawMode":0,"name":"Shaded","section":"Shading Mode"},"sceneLighting":false,"audioPlay":false,"sceneViewState":{"showFog":true,"showMaterialUpdate":false,"showSkybox":false,"showFlares":true,"showImageEffects":true,"showParticleSystems":true},"in2DMode":false,"pivot":{"x":13.08731460571289,"y":-3.496067523956299,"z":-0.5054222345352173},"rotation":{"x":-0.14095067977905274,"y":-0.5327593088150024,"z":0.09052439779043198,"w":-0.8295281529426575},"size":1.125669002532959,"orthographic":false}