{"cameraMode":{"drawMode":0,"name":"Shaded","section":"Shading Mode"},"sceneLighting":true,"audioPlay":false,"sceneViewState":{"showFog":true,"showMaterialUpdate":false,"showSkybox":true,"showFlares":true,"showImageEffects":true,"showParticleSystems":true},"in2DMode":false,"pivot":{"x":-64.1962661743164,"y":-40.729000091552737,"z":90.0},"rotation":{"x":-0.23347167670726777,"y":-0.035874105989933017,"z":0.008620032109320164,"w":-0.9716673493385315},"size":176.40060424804688,"orthographic":false}